{"train_loss": 5.9482739040221295, "_timestamp": 1658839996, "_runtime": 2183, "rgb_proxy_loss": 0.10080338916045496, "ir_proxy_loss": 0.07995893786415115, "mono_proxy_loss": 5.767511567850223, "_step": 12, "rank1": 0.01446226704865694, "rank5": 0.05679726600646973, "rank10": 0.10518012195825577, "rank20": 0.20510123670101166, "mAP": 0.03240163077670993, "_wandb": {"runtime": 2240}}