{"train_loss": 40.36484592262356, "_timestamp": 1658732577, "_runtime": 8947, "rgb_proxy_loss": 11.525704846985038, "ir_proxy_loss": 11.540820261527752, "rgb_proxy_R_loss": 11.644155502319336, "ir_proxy_R_loss": 11.635332107543945, "KLD_loss": -5.981170581675124, "_step": 51, "rank1": 0.008151459507644176, "rank5": 0.06021561846137047, "rank10": 0.11043912917375565, "rank20": 0.24007362127304077, "mAP": 0.03912907185068778, "_wandb": {"runtime": 9003}}