{"train_loss": 47.92124317432272, "_timestamp": 1658747542, "_runtime": 13618, "rgb_proxy_loss": 11.986259202847535, "ir_proxy_loss": 11.973879696308881, "rgb_proxy_R_loss": 11.973712921142578, "ir_proxy_R_loss": 11.987388610839844, "_step": 80, "rank1": 0.015514068305492401, "rank5": 0.05364186316728592, "rank10": 0.1030765175819397, "rank20": 0.20168288052082062, "mAP": 0.031994343935714875, "_wandb": {"runtime": 13604}}