{"train_loss": 10.64742398262024, "_timestamp": 1658131549, "_runtime": 856, "rgb_proxy_loss": 10.64742398262024, "ir_proxy_loss": 0, "_step": 5}