{"train_loss": 5.972569310802153, "_timestamp": 1658909609, "_runtime": 10558, "rgb_proxy_loss": 0, "ir_proxy_loss": 0, "mono_proxy_loss": 5.972569310802153, "_step": 64, "rank1": 0.010518011637032032, "rank5": 0.05232711136341095, "rank10": 0.11070207506418228, "rank20": 0.2232448011636734, "mAP": 0.030397119548582548}