{"train_loss": 5.964417709701363, "_timestamp": 1658896886, "_runtime": 13170, "rgb_proxy_loss": 0, "ir_proxy_loss": 0, "mono_proxy_loss": 5.964417709701363, "_step": 80, "rank1": 0.008151459507644176, "rank5": 0.04759400337934494, "rank10": 0.1046542227268219, "rank20": 0.23034445941448212, "mAP": 0.028551719460776847, "_wandb": {"runtime": 13157}}