{"train_loss": 47.49107171201158, "_timestamp": 1658924137, "_runtime": 14181, "rgb_proxy_loss": 11.790014398509058, "ir_proxy_loss": 11.951306773328232, "rgb_proxy_R_loss": 11.955700874328613, "ir_proxy_R_loss": 11.794049263000488, "_step": 80, "rank1": 0.01104391273111105, "rank5": 0.06494872272014618, "rank10": 0.13910071551799774, "rank20": 0.2766237258911133, "mAP": 0.04034494734380568, "_wandb": {"runtime": 14168}}