{"train_loss": 47.86611080169678, "_timestamp": 1658946270, "_runtime": 14016, "rgb_proxy_loss": 11.973262674507053, "ir_proxy_loss": 11.958984468175077, "rgb_proxy_R_loss": 11.958600997924805, "ir_proxy_R_loss": 11.975258827209473, "_step": 80, "rank1": 0.01078096218407154, "rank5": 0.06179331988096237, "rank10": 0.12148304283618927, "rank20": 0.2224559485912323, "mAP": 0.03279214237521554, "_wandb": {"runtime": 14002}}