{"train_loss": 13.242419673108506, "_timestamp": 1658084546, "_runtime": 13031, "rgb_proxy_loss": 13.242419673108506, "ir_proxy_loss": 0, "_step": 80, "_wandb": {"runtime": 13017}}