{"train_loss": 13.821284992941495, "_timestamp": 1659946542, "_runtime": 4011, "rgb_proxy_loss": 0, "ir_proxy_loss": 0, "rgb_proxy_R_loss": 0, "ir_proxy_R_loss": 0, "hard_loss": 0.016597279461481904, "_step": 23, "rank1": 0.010518011637032032, "rank5": 0.05837496742606163, "rank10": 0.11280567944049835, "rank20": 0.1969497799873352, "mAP": 0.03314661585553042, "_wandb": {"runtime": 4071}}