{"train_loss": 5.958921085829022, "_timestamp": 1660036460.6122267, "_runtime": 13115.026914834976, "rgb_proxy_loss": 0, "ir_proxy_loss": 0, "mono_proxy_loss": 5.958921085829022, "_step": 80, "rank1": 0.007625558879226446, "rank5": 0.06626347452402115, "rank10": 0.11990533769130707, "rank20": 0.24086247384548187, "mAP": 0.031775372760870384, "_wandb": {"runtime": 13089}}