{"train_loss": 10.039226647081046, "_timestamp": 1658144968, "_runtime": 13032, "rgb_proxy_loss": 10.039226647081046, "ir_proxy_loss": 0, "_step": 80, "_wandb": {"runtime": 13018}}