{"train_loss": 11.3875605676366, "_timestamp": 1658837277, "_runtime": 387, "rgb_proxy_loss": 2.3968903396663994, "ir_proxy_loss": 2.5215372679562402, "mono_proxy_loss": 6.469132949566019, "_step": 1, "rank1": 0.02156192436814308, "rank5": 0.09045490622520447, "rank10": 0.1619773805141449, "rank20": 0.2782014310359955, "mAP": 0.042084287607065105, "_wandb": {"runtime": 376}}