{"train_loss": 6.031685155013512, "_timestamp": 1658898906, "_runtime": 695, "rgb_proxy_loss": 0, "ir_proxy_loss": 0, "mono_proxy_loss": 6.031685155013512, "_step": 3, "rank1": 0.011569812893867493, "rank5": 0.05390481278300285, "rank10": 0.10912437736988068, "rank20": 0.22613726556301117, "mAP": 0.03254316057406307, "_wandb": {"runtime": 753}}