{"train_loss": 13.72889568887908, "_timestamp": 1659942451, "_runtime": 6278, "rgb_proxy_loss": 0, "ir_proxy_loss": 0, "rgb_proxy_R_loss": 0, "ir_proxy_R_loss": 0, "hard_loss": 0.018184844154232962, "_step": 37, "rank1": 0.01446226704865694, "rank5": 0.04838285595178604, "rank10": 0.11149092763662338, "rank20": 0.2093084454536438, "mAP": 0.029755108229475774, "_wandb": {"runtime": 6269}}