{"train_loss": 5.867828670589403, "_timestamp": 1658843621, "_runtime": 2691, "rgb_proxy_loss": 0.08428397269427092, "ir_proxy_loss": 0.067080934135907, "mono_proxy_loss": 5.716463756287235, "_step": 15, "rank1": 0.023665526881814003, "rank5": 0.07862213999032974, "rank10": 0.1348935067653656, "rank20": 0.2463844269514084, "mAP": 0.040866043706255364, "_wandb": {"runtime": 2718}}