{"train_loss": 5.655716856320699, "_timestamp": 1658857090, "_runtime": 13267, "rgb_proxy_loss": 0, "ir_proxy_loss": 0, "mono_proxy_loss": 5.655716856320699, "_step": 80, "rank1": 0.09413620829582214, "rank5": 0.25716540217399597, "rank10": 0.39258480072021484, "rank20": 0.5608729720115662, "mAP": 0.10548615250312078, "_wandb": {"runtime": 13253}}