{"train_loss": 25.755502624073248, "_timestamp": 1658383590, "_runtime": 437, "rgb_proxy_loss": 12.795285690789935, "ir_proxy_loss": 12.762656579072448, "uni_proxy_loss": 0.19756035391112853, "_step": 2}